,City,Country,Latitude,Longitude,Max Temp,Humidity,Cloudiness,Wind Speed,Date
0,Hobart,AU,-42.88,147.33,41,75,36,6.93,1598200081
1,Punta Arenas,CL,-53.15,-70.92,37.4,59,20,26.4,1598200081
2,Victoria,HK,22.29,114.16,84,74,100,7.58,1598199975
3,Ishim,RU,56.11,69.49,54.61,90,100,6.62,1598200082
4,Zhigansk,RU,66.77,123.37,41,84,8,14.07,1598200082
5,Sorong,ID,-0.88,131.25,76.87,87,100,5.23,1598200082
6,Ola,RU,59.58,151.28,43.05,64,50,10.96,1598199872
7,Albany,US,42.6,-73.97,84,65,20,9.17,1598199945
8,Ponta Do Sol,PT,32.67,-17.1,84.2,30,20,18.34,1598200082
9,Yellowknife,CA,62.46,-114.35,54,71,40,8.05,1598199920
10,Aba,NG,5.11,7.37,79.11,80,100,6.98,1598200082
11,Gat,IL,31.61,34.76,86,45,0,10.94,1598200082
12,Norman Wells,CA,65.28,-126.83,57.2,76,20,10.29,1598200083
13,Katsuura,JP,35.13,140.3,78.01,92,61,2.53,1598200083
14,Leshukonskoye,RU,64.9,45.76,64.44,75,91,7.96,1598200083
15,Lagoa,PT,39.05,-27.98,73.72,88,44,13.02,1598200083
16,Ushuaia,AR,-54.8,-68.3,35.6,74,40,11.41,1598199943
17,Vestmannaeyjar,IS,63.44,-20.27,55.4,66,95,9.17,1598200083
18,Mataura,NZ,-46.19,168.86,45,91,53,5.01,1598200084
19,Rikitea,PF,-23.12,-134.97,69.35,83,95,20.47,1598200084
20,Hilo,US,19.73,-155.09,75.2,83,75,5.01,1598200084
21,Salina Cruz,MX,16.17,-95.2,82.09,78,89,5.99,1598200062
22,Tupik,RU,54.43,119.93,53.2,74,100,2.98,1598200084
23,Luderitz,NA,-26.65,15.16,63.39,60,0,14.34,1598200084
24,Broome,US,42.25,-75.83,84.99,54,1,9.17,1598200084
25,Clyde River,CA,70.47,-68.59,43.41,88,100,8.32,1598200084
26,Tasiilaq,GL,65.61,-37.64,48.2,57,0,5.82,1598200085
27,Soe,ID,-9.86,124.28,61.65,91,9,5.61,1598200085
28,Port Elizabeth,ZA,-33.92,25.57,60.8,77,20,20.8,1598200085
29,Tiznit,MA,29.58,-9.5,98.15,19,20,9.86,1598199838
30,Hermanus,ZA,-34.42,19.23,57.99,91,100,1.01,1598200085
31,Pacific Grove,US,36.62,-121.92,64.4,72,40,3.36,1598200080
32,Havre-Saint-Pierre,CA,50.23,-63.6,66.2,55,40,11.41,1598200086
33,Bluff,NZ,-46.6,168.33,45,91,29,5.01,1598200086
34,Bati,ET,11.18,40.02,75.07,65,46,4.92,1598200086
35,Lorengau,PG,-2.02,147.27,78.69,85,100,9.89,1598200086
36,Saldanha,ZA,-33.01,17.94,62.6,67,100,9.17,1598200086
37,Harper,LR,4.38,-7.72,78.46,75,66,12.95,1598200086
38,Puerto Leguizamo,CO,-0.19,-74.78,82.72,56,17,4.45,1598200086
39,Flinders,AU,-34.58,150.86,52,58,0,11.01,1598200086
40,Port Alfred,ZA,-33.59,26.89,60.46,79,1,10.6,1598200087
41,Hirado,JP,33.36,129.55,82,76,0,6.22,1598200087
42,East London,ZA,-33.02,27.91,63.28,74,10,5.37,1598200087
43,Ulladulla,AU,-35.35,150.47,48.2,57,0,16.11,1598199854
44,Bud,US,39.45,-86.18,82,69,1,4.94,1598200087
45,Tuktoyaktuk,CA,69.45,-133.04,55.4,82,20,8.05,1598200087
46,Constitucion,CL,-35.33,-72.42,52.97,78,100,21.3,1598200087
47,Atuona,PF,-9.8,-139.03,77.97,78,3,16.4,1598200088
48,Bhitarwar,IN,25.8,78.12,80.6,88,75,8.05,1598200088
49,Pisco,PE,-13.7,-76.22,62.6,77,90,8.05,1598200088
50,Rumonge,BI,-3.97,29.44,75.2,53,74,1.95,1598200088
51,Nome,US,64.5,-165.41,51.8,87,90,5.82,1598200088
52,Busselton,AU,-33.65,115.33,46,76,1,5.14,1598200088
53,Blythe,US,33.61,-114.6,93,50,0,3.44,1598200088
54,Corinth,GR,37.94,22.96,91,34,0,1.01,1598200088
55,Victor Harbor,AU,-35.57,138.62,41,91,72,3.42,1598200089
56,Nanortalik,GL,60.14,-45.24,47.23,78,4,3.22,1598200089
57,Codrington,AU,-38.27,141.97,42.22,82,56,8.05,1598200089
58,Kapaa,US,22.08,-159.32,78.8,83,90,9.17,1598200089
59,Barrow,US,71.29,-156.79,37.4,93,90,11.41,1598200089
60,Severo-Kurilsk,RU,50.68,156.12,51.67,71,99,5.12,1598200090
61,Bredasdorp,ZA,-34.53,20.04,59,87,100,11.41,1598200090
62,Mount Isa,AU,-20.73,139.5,50,31,0,10.38,1598200090
63,Lavrentiya,RU,65.58,-171,46.62,95,95,5.39,1598200090
64,Isangel,VU,-19.55,169.27,71.6,94,5,3.36,1598200090
65,Souillac,MU,-20.52,57.52,71.6,73,40,16.11,1598200090
66,New Norfolk,AU,-42.78,147.06,39.99,85,8,2.95,1598200090
67,Umm Kaddadah,SD,13.6,26.69,96.78,27,84,6.55,1598200091
68,Calabozo,VE,8.92,-67.43,83.75,71,32,4.34,1598200091
69,Nelson Bay,AU,-32.72,152.15,51.01,57,1,19.46,1598200091
70,Cayenne,GF,4.93,-52.33,84.2,79,0,9.17,1598200066
71,Sagua La Grande,CU,22.81,-80.08,89.6,62,75,14.99,1598200091
72,Kautokeino,NO,69.01,23.04,61.02,73,100,1.59,1598200091
73,Torbay,CA,47.67,-52.73,70,45,20,10.29,1598200091
74,Rudbar,AF,30.15,62.6,98.17,24,0,16.08,1598200091
75,Butaritari,KI,3.07,172.79,82.81,69,80,11.01,1598200092
76,Grindavik,IS,63.84,-22.43,55.4,71,95,9.17,1598200092
77,Kodiak,US,57.79,-152.41,55.4,87,90,3.36,1598200008
78,Qaanaaq,GL,77.48,-69.36,37.13,87,100,1.45,1598200092
79,Saint-Philippe,RE,-21.36,55.77,71.6,73,26,2.24,1598200092
80,Kaohsiung,TW,22.62,120.31,84.2,83,75,8.05,1598200092
81,Outjo,NA,-20.12,16.15,83.73,14,0,7.43,1598200092
82,Hofn,IS,64.25,-15.21,55.4,71,75,6.93,1598200092
83,Avera,US,33.19,-82.53,82.4,74,75,8.37,1598199823
84,Cape Town,ZA,-33.93,18.42,64,82,20,9.17,1598199989
85,Itarema,BR,-2.92,-39.92,85.71,55,3,20.11,1598200093
86,Jalu,LY,29.03,21.55,96.69,17,0,13.24,1598200093
87,Touros,BR,-5.2,-35.46,82.4,61,40,17.22,1598200003
88,Puerto Narino,CO,-3.77,-70.38,71.6,83,75,4.7,1598200093
89,Ribeira Grande,PT,38.52,-28.7,77,83,40,8.05,1598200093
90,Najran,SA,17.49,44.13,96.8,16,100,6.93,1598200093
91,Yulara,AU,-25.24,130.99,62.6,35,0,10.29,1598200093
92,Arraial Do Cabo,BR,-22.97,-42.03,73.4,60,40,8.05,1598199853
93,Nizhniy Kuranakh,RU,58.84,125.49,42.17,70,0,1.5,1598200094
94,Tamandare,BR,-8.76,-35.1,79.54,66,42,11.39,1598199855
95,Panchagarh,BD,26.33,88.56,78.8,94,40,2.24,1598200094
96,Port Keats,AU,-14.25,129.55,70.86,85,0,2.42,1598200094
97,Bethel,US,41.37,-73.41,84.99,62,1,5.82,1598200094
98,Svay Rieng,KH,11.09,105.8,81.21,80,97,7.72,1598200094
99,Provideniya,RU,64.38,-173.3,49.64,92,97,4.41,1598200094
100,Baykit,RU,61.67,96.37,53.55,88,1,2.37,1598200095
101,Chuy,UY,-33.7,-53.46,61.75,55,0,9.55,1598200095
102,Arman,RU,59.7,150.17,41.2,68,0,10.33,1598200095
103,Nizhniy Odes,RU,63.64,54.86,55.54,80,53,1.52,1598200095
104,Upington,ZA,-28.45,21.26,77,22,0,5.82,1598200095
105,Xuddur,SO,4.12,43.89,77.9,62,96,17.11,1598200095
106,Tuatapere,NZ,-46.13,167.68,45,91,69,5.01,1598200095
107,Zeya,RU,53.75,127.27,58.03,62,100,4.45,1598200096
108,Sao Joao Da Barra,BR,-21.64,-41.05,75.2,50,75,11.41,1598200096
109,Aykhal,RU,66,111.5,51.8,57,0,6.71,1598200096
110,Castro,BR,-24.79,-50.01,57.22,70,40,11.65,1598200096
111,Cidreira,BR,-30.18,-50.21,63,63,0,14.27,1598200096
112,Parabel,RU,58.7,81.48,51.76,90,84,4.74,1598200096
113,Semey,KZ,50.41,80.23,66.02,41,84,5.03,1598200096
114,Liwale,TZ,-9.77,37.93,76.39,48,100,4.23,1598200096
115,Nikolskoye,RU,59.7,30.79,66.2,68,90,2.24,1598200096
116,Novokayakent,RU,42.39,47.99,71.01,68,99,6.71,1598200097
117,Aligudarz,IR,33.4,49.69,67.21,26,0,10.78,1598200097
118,Jamestown,US,42.1,-79.24,73.99,88,75,3.36,1598199814
119,Georgetown,MY,5.41,100.34,84.2,88,20,3.36,1598199836
120,Ust-Uda,RU,54.17,103.03,52.93,90,99,2.55,1598200097
121,Jackson,US,42.42,-122.83,66,63,1,4.7,1598200097
122,Tucuman,AR,-26.82,-65.22,66.2,25,86,5.82,1598200011
123,Hithadhoo,MV,-0.6,73.08,82.67,78,50,12.86,1598200097
124,Longyearbyen,SJ,78.22,15.64,48.2,49,20,9.17,1598200098
125,Tashtagol,RU,52.77,87.89,53.13,92,75,3.51,1598200098
126,Bengkulu,ID,-3.8,102.27,77.2,89,96,4.5,1598199938
127,Manbij,SY,36.53,37.95,87.8,22,0,8.05,1598200098
128,The Valley,AI,18.22,-63.06,87.8,70,40,16.11,1598200005
129,Srednekolymsk,RU,67.45,153.68,34.36,90,97,7.54,1598200098
130,Batsfjord,NO,70.63,29.72,66.2,59,97,17.22,1598200098
131,Te Anau,NZ,-45.42,167.72,39.96,89,94,1.28,1598200098
132,Zaraza,VE,9.35,-65.32,82,86,96,3.67,1598200099
133,Geraldton,AU,-28.77,114.6,51.8,87,75,2.24,1598200099
134,Kaitangata,NZ,-46.28,169.85,53.01,88,97,15.01,1598200099
135,Carnarvon,AU,-24.87,113.63,64.4,88,81,14.99,1598200099
136,Awjilah,LY,29.11,21.29,96.13,16,0,13.98,1598200099
137,San Policarpo,PH,12.18,125.51,79.95,84,68,5.95,1598200099
138,Esperance,AU,-33.87,121.9,50,100,90,5.82,1598200099
139,Paragould,US,36.06,-90.5,87.8,51,1,9.17,1598199936
140,Mocuba,MZ,-16.84,36.99,70.97,64,58,5.84,1598199802
141,Tiksi,RU,71.69,128.87,37.65,81,80,9.64,1598200100
142,Road Town,VG,18.42,-64.62,89.6,66,40,10.29,1598200100
143,Nishihara,JP,26.18,127.76,82.4,88,75,26.4,1598200100
144,Vaini,TO,-21.2,-175.2,73.4,94,20,8.05,1598200100
145,Waingapu,ID,-9.66,120.26,74.28,80,79,4.7,1598200100
146,Cabo San Lucas,MX,22.89,-109.91,91.4,41,40,4.7,1598199896
147,Lakatoro,VU,-16.1,167.42,75.2,100,40,6.55,1598200100
148,Churapcha,RU,62,132.43,42.57,63,96,1.86,1598200100
149,Lompoc,US,34.64,-120.46,75.2,73,1,2.75,1598200101
150,Riyadh,SA,24.69,46.72,109.4,10,40,6.93,1598199930
151,Nantucket,US,41.28,-70.1,78.8,78,1,8.05,1598199984
152,Ayr,GB,55.46,-4.63,60.01,76,75,4.7,1598200101
153,Batagay-Alyta,RU,67.8,130.41,36.09,89,100,5.35,1598200101
154,Masuguru,TZ,-11.37,38.42,82.92,41,98,6.78,1598200101
155,Lebu,CL,-37.62,-73.65,51.35,91,100,19.37,1598200101
156,Pechenga,RU,69.53,31.17,64.4,77,78,18.34,1598200101
157,Faanui,PF,-16.48,-151.75,76.37,76,1,19.51,1598200102
158,Pevek,RU,69.7,170.31,37.36,96,100,4.65,1598199997
159,Rio De Janeiro,BR,-22.9,-43.21,71.6,60,75,5.82,1598200062
160,Kahului,US,20.89,-156.47,80.6,61,40,10.29,1598200102
161,Faya,SA,18.39,42.45,77,69,20,9.17,1598200102
162,Yanam,IN,16.73,82.22,82.4,83,75,5.82,1598200102
163,Mahebourg,MU,-20.41,57.7,71.6,73,40,16.11,1598200102
164,Mitsamiouli,KM,-11.38,43.28,80.6,61,20,6.93,1598200102
165,Avarua,CK,-21.21,-159.78,71.6,78,4,5.82,1598200102
166,Phrae,TH,18.08,100,80.01,96,100,2.51,1598200103
167,Geilo,NO,60.53,8.21,50,68,13,4,1598200103
168,Portland,US,45.52,-122.68,64.4,67,20,5.82,1598199974
169,Salalah,OM,17.02,54.09,77,100,90,5.82,1598199904
170,Ouro Preto Do Oeste,BR,-10.75,-62.22,100.94,20,0,1.72,1598200103
171,Dunedin,NZ,-45.87,170.5,48.99,96,100,4,1598199815
172,Katesh,TZ,-4.52,35.38,68.49,43,96,9.08,1598200103
173,Thompson,CA,55.74,-97.86,46.4,100,90,8.05,1598200103
174,Zhezkazgan,KZ,47.8,67.71,68,45,90,13.42,1598200104
175,Sinnamary,GF,5.38,-52.95,84.38,73,1,8.61,1598200104
176,Ahipara,NZ,-35.17,173.17,55.17,80,39,17.67,1598200104
177,Mugur-Aksy,RU,50.35,90.5,45.86,61,53,4.7,1598200104
178,Port Hardy,CA,50.7,-127.42,55.98,83,100,1.61,1598200104
179,Alofi,NU,-19.06,-169.92,73.4,88,84,8.05,1598200104
180,Bireun,ID,5.2,96.7,78.26,82,27,4.18,1598200104
181,Gigmoto,PH,13.78,124.39,81.19,80,100,4.63,1598200104
182,Mtambile,TZ,-5.38,39.7,76.32,77,3,12.15,1598200105
183,Acajutla,SV,13.59,-89.83,77,88,40,2.24,1598199810
184,Solnechnyy,RU,50.72,136.63,58.19,90,97,1.45,1598200105
185,Griffith,US,41.53,-87.42,82.4,54,40,9.17,1598199872
186,Kidal,ML,18.44,1.41,100.69,23,1,8.28,1598200105
187,Puerto Ayora,EC,-0.74,-90.35,71.6,64,75,20.8,1598200105
188,Rochester,US,43.15,-77.62,84.2,48,20,8.05,1598199964
189,Nioro,GM,13.35,-15.75,77.09,81,100,0.47,1598200105
190,Kiama,AU,-34.68,150.87,52,58,0,11.01,1598200106
191,Rorvik,NO,64.86,11.24,53.6,66,40,16.11,1598200106
192,Saskylakh,RU,71.92,114.08,42.6,77,0,6.64,1598200106
193,Vila Velha,BR,-20.33,-40.29,71.6,64,75,19.46,1598200106
194,Tura,IN,25.52,90.22,74.91,95,83,3.83,1598200106
195,Nagua,DO,19.38,-69.85,75.2,100,90,5.82,1598200106
196,Vila Franca Do Campo,PT,37.72,-25.43,77,73,20,14.99,1598200106
197,Qasigiannguit,GL,68.82,-51.19,46.4,52,0,3.36,1598200106
198,Mananjary,MG,-21.22,48.33,67.96,82,0,6.2,1598200106
199,Sangar,RU,63.92,127.47,38.98,88,9,1.68,1598200107
200,Simao,CN,22.79,100.97,67.33,95,100,2.15,1598200107
201,Bolobo,CD,-2.17,16.23,80.76,68,80,1.74,1598200107
202,Ilulissat,GL,69.22,-51.1,46.4,52,0,3.36,1598200107
203,Ambanja,MG,-13.68,48.45,77,75,75,2.24,1598200107
204,Phalaborwa,ZA,-23.94,31.14,82.4,21,0,9.17,1598199944
205,Graaff-Reinet,ZA,-32.25,24.53,75.99,11,0,1.99,1598199846
206,Saravena,CO,6.95,-71.88,83.39,69,65,2.64,1598200108
207,Moussoro,TD,13.64,16.49,85.73,57,100,6.06,1598200108
208,Zanesville,US,39.94,-82.01,75.99,78,90,4.7,1598200108
209,Lodja,CD,-3.48,23.43,74.37,89,100,0.54,1598200108
210,Murillo,CO,4.87,-75.17,75.2,83,40,9.17,1598200108
211,Tabas,IR,33.6,56.92,100.4,16,0,6.93,1598200108
212,Dallas,US,32.77,-96.78,90,48,1,4.7,1598199816
213,Qui Nhon,VN,13.77,109.23,81.21,79,90,5.19,1598200109
214,Romodanovo,RU,54.43,45.33,62.69,63,0,3.96,1598200109
215,Dikson,RU,73.51,80.55,46.99,78,0,10.71,1598200109
216,Los Llanos De Aridane,ES,28.66,-17.92,79,69,20,18.34,1598200109
217,Ploemeur,FR,47.73,-3.43,71.01,64,40,17.22,1598200109
218,Bilma,NE,18.69,12.92,96.08,34,83,13.13,1598200109
219,Tarata,BO,-17.62,-66.02,73.4,28,20,5.82,1598200109
220,Sehithwa,BW,-20.47,22.72,76.44,27,4,0.78,1598200110
221,Matias Barbosa,BR,-21.87,-43.32,68,54,66,5.12,1598200110
222,Bitaogan,PH,6.77,126.08,80.6,83,40,2.24,1598200110
223,West Wendover,US,40.74,-114.07,80.6,21,1,3.36,1598200110
224,El Tarra,CO,8.58,-73.09,89.83,52,62,2.15,1598200110
225,Vrede,ZA,-27.43,29.17,58.96,29,0,6.17,1598200110
226,Hailar,CN,49.2,119.7,58.68,91,98,5.44,1598200110
227,Chokurdakh,RU,70.63,147.92,30.2,99,95,7.16,1598200110
228,Camacha,PT,33.08,-16.33,77,69,20,18.34,1598200110
229,Abu Dhabi,AE,24.47,54.37,96.8,67,54,9.17,1598199945
230,Fort Smith,US,35.39,-94.4,82.4,65,1,4.7,1598200111
231,Goundam,ML,16.41,-3.67,96.4,33,2,8.23,1598200111
232,Narsaq,GL,60.92,-46.05,55.4,62,0,9.17,1598200111
233,Mbuji-Mayi,CD,-6.15,23.6,80.6,57,75,11.41,1598200111
234,Ara,IN,25.57,84.67,80.6,83,40,1.95,1598200111
235,Namibe,AO,-15.2,12.15,71.6,68,75,20.8,1598200112
236,Hirara,JP,24.8,125.28,84.47,78,100,31.99,1598200112
237,Santa Cruz,BO,-17.8,-63.17,75.2,33,8,11.41,1598200017
238,Yuzhou,CN,34.16,113.46,78.8,94,52,5.93,1598200112
239,Hami,CN,42.8,93.45,83.62,19,97,5.66,1598200112
240,Igboho,NG,8.83,3.75,77.49,78,96,7.45,1598200112
241,Rio Grande,BR,-32.03,-52.1,68,60,0,13.87,1598200047
242,Kavieng,PG,-2.57,150.8,77.23,91,100,11.52,1598200112
243,Chicama,PE,-7.84,-79.15,71.98,52,48,8.48,1598200113
244,Kargasok,RU,59.06,80.86,51.62,88,43,6.24,1598200113
245,Egvekinot,RU,66.32,-179.17,46.15,96,99,3.44,1598200113
246,Khatanga,RU,71.97,102.5,56.19,66,90,8.72,1598200113
247,Katobu,ID,-4.94,122.53,71.38,91,26,3.8,1598200113
248,Rabak,SD,13.18,32.74,85.35,58,78,7.16,1598200113
249,Bambous Virieux,MU,-20.34,57.76,72,73,40,16.11,1598200113
250,Orhei,MD,47.38,28.82,86,30,0,5.82,1598200113
251,San Cristobal,VE,7.77,-72.22,80.6,69,75,9.17,1598200114
252,Hyeres,FR,43.12,6.12,91.4,24,0,10.29,1598200114
253,Pangai,TO,-19.8,-174.35,77.5,80,78,18.14,1598200114
254,Tabou,CI,4.42,-7.35,78.26,76,73,12.39,1598200114
255,Mbeya,TZ,-8.9,33.45,60.91,68,66,6.62,1598200114
256,Koungou,YT,-12.73,45.2,77,73,3,5.82,1598200114
257,Sakakah,SA,29.97,40.21,98.6,13,0,10.29,1598200114
258,Garden City,US,42.33,-83.33,87.8,48,20,5.82,1598200114
259,Upernavik,GL,72.79,-56.15,45.07,80,80,9.28,1598200115
260,Bongandanga,CD,1.5,21.05,71.04,97,100,0.67,1598200115
261,Keetmanshoop,NA,-26.58,18.13,77.83,15,0,5.37,1598200115
262,Dengzhou,CN,37.81,120.75,75.24,91,93,9.19,1598200115
263,Sydney,AU,-33.87,151.21,52,53,0,14.99,1598199920
264,Naze,JP,28.37,129.48,84.2,83,75,8.05,1598200115
265,Hasaki,JP,35.73,140.83,75.2,94,40,4.7,1598200116
266,Velsk,RU,61.07,42.1,64.99,76,100,6.98,1598200058
267,Necochea,AR,-38.55,-58.74,58.82,54,0,17.09,1598200116
268,Richards Bay,ZA,-28.78,32.04,69.93,69,0,9.37,1598200116
269,Labuhan,ID,-6.88,112.21,79,76,32,7.74,1598200116
270,Kaspiyskiy,RU,45.39,47.37,71.78,40,41,6.64,1598200116
271,Lamu,KE,-2.27,40.9,76.15,79,25,13.58,1598200116
272,Ca Mau,VN,9.18,105.15,79.99,85,97,3.15,1598200116
273,Wladyslawowo,PL,54.79,18.4,75.99,52,51,13.87,1598200117
274,Vilcun,CL,-38.65,-72.23,52,87,90,14.99,1598200117
275,Lekoni,GA,-1.58,14.26,80.71,63,98,7.94,1598200117
276,Jacareacanga,BR,-6.22,-57.75,99.91,20,0,4.25,1598200117
277,Elat,IL,29.56,34.95,100.4,37,0,13.87,1598200117
278,Alta Floresta,BR,-9.88,-56.09,89.6,31,0,4.7,1598200117
279,Bulgan,MN,48.81,103.53,50.92,80,2,5.44,1598200117
280,Quatre Cocos,MU,-20.21,57.76,72,73,40,16.11,1598200117
281,Ostrovnoy,RU,68.05,39.51,58.3,88,100,19.53,1598200117
282,Padang,ID,-0.95,100.35,79.61,73,94,4.29,1598200118
283,Novobiryusinskiy,RU,56.96,97.71,54.01,87,0,2.13,1598200118
284,Maloy,NO,61.94,5.11,55.4,62,40,19.46,1598200118
285,Tual,ID,-5.67,132.75,78.73,79,59,18.63,1598200118
286,Yaan,NG,7.38,8.57,75.25,95,100,1.3,1598200118
287,Farafangana,MG,-22.82,47.83,69.3,82,0,9.42,1598200118
288,Launceston,AU,-41.45,147.17,37.4,88,0,4.7,1598200118
289,El Cobre,CU,20.05,-75.95,89.6,62,40,13.87,1598200118
290,Iqaluit,CA,63.75,-68.51,46.4,75,75,4.7,1598200118
291,Maldonado,UY,-34.67,-54.92,64.4,36,0,13.87,1598200119
292,Sitka,US,57.05,-135.33,55.4,93,90,3.36,1598200119
293,Olafsvik,IS,64.89,-23.71,52.38,63,42,7.61,1598200119
294,Olinda,BR,-8.01,-34.86,82.4,61,20,12.75,1598200026
295,Beboto,TD,8.27,16.94,76.1,93,95,3.51,1598200119
296,Sao Filipe,CV,14.9,-24.5,79.95,77,95,7.29,1598200119
297,Mar Del Plata,AR,-38,-57.56,64.4,45,0,16.11,1598200119
298,Arraias,BR,-12.93,-46.94,94.84,25,13,5.1,1598200119
299,Novo Aripuana,BR,-5.12,-60.38,97.36,25,0,3.69,1598200119
300,Korsakov,RU,46.63,142.78,53.6,100,99,4.38,1598200120
301,Bow Island,CA,49.87,-111.37,72,43,20,9.04,1598200120
302,San Quintin,MX,30.48,-115.95,75.6,71,0,3.11,1598200120
303,Port-Gentil,GA,-0.72,8.78,82.4,69,40,13.31,1598200120
304,Santarem,BR,-2.44,-54.71,73.4,100,90,3.36,1598200120
305,Mgachi,RU,51.05,142.27,54.28,93,30,2.46,1598200120
306,Ancud,CL,-41.87,-73.82,51.01,100,90,14.99,1598200120
307,Praya,CV,14.92,-23.51,86,70,75,13.87,1598200120
308,Dourados,BR,-22.22,-54.81,66.6,68,7,11.3,1598200120
309,Coquimbo,CL,-29.95,-71.34,57.2,62,40,10.29,1598199942
310,Lensk,RU,60.73,114.93,47.17,58,3,6.17,1598200121
311,Roebourne,AU,-20.78,117.13,75.24,42,0,9.66,1598200121
312,Safaga,EG,26.73,33.94,96.8,30,0,3.36,1598200121
313,Chimbote,PE,-9.09,-78.58,66.56,64,49,7.76,1598200121
314,Canakkale,TR,40.08,26.83,86,42,0,13.87,1598200121
315,Turukhansk,RU,65.82,87.98,56.52,86,100,8.55,1598200121
316,Yumen,CN,40.28,97.2,72.66,21,0,9.89,1598200122
317,Havelock,US,34.88,-76.9,86,62,20,6.93,1598200122
318,Fort Nelson,CA,58.81,-122.7,53.6,93,90,2.24,1598200122
319,Parauna,BR,-16.95,-50.45,79.36,43,71,8.41,1598200122
320,Vestmanna,FO,62.16,-7.17,50,76,85,17.22,1598200122
321,Afua,BR,-0.16,-50.39,93.49,44,0,2.66,1598200122
322,Brae,GB,60.4,-1.35,51.8,76,75,16.11,1598200122
323,Mikuni,JP,36.22,136.15,78.8,88,20,1.12,1598200122
324,Lake City,US,30.19,-82.64,84.2,74,40,4.7,1598200004
325,Hvide Sande,DK,56,8.13,64.99,76,15,3,1598200123
326,Lahaina,US,20.88,-156.68,80.6,61,40,10.29,1598200123
327,Terrak,NO,65.09,12.37,55.4,66,75,13.87,1598200123
328,Ayan,RU,56.45,138.17,55.76,58,31,9.86,1598200123
329,San Andres,CO,12.58,-81.7,84.2,79,40,3.36,1598199920
330,Healesville,AU,-37.65,145.52,42.01,79,80,1.36,1598200124
331,Kruisfontein,ZA,-34,24.73,60.01,77,23,3,1598200124
332,Chiredzi,ZW,-21.05,31.67,72.59,39,42,3.4,1598200124
333,Wanning,CN,18.8,110.4,80.94,85,100,5.48,1598200124
334,Port Lincoln,AU,-34.73,135.87,48.02,80,74,4.72,1598200124
335,Mokhsogollokh,RU,61.47,128.92,45.18,63,82,3.15,1598200124
336,Ranong,TH,9.97,98.63,79.97,77,80,5.3,1598200124
337,Lengshuijiang,CN,27.69,111.43,79.38,79,6,2.51,1598200124
338,Rolla,US,37.95,-91.77,84,57,1,6.93,1598200085
339,Bjornevatn,NO,69.67,29.98,64.4,77,100,18.34,1598200125
340,Port-Cartier,CA,50.03,-66.87,62.6,55,75,8.05,1598200125
341,Kayes,ML,14,-11,87.8,70,40,4.7,1598200125
342,Kennebunk,US,43.38,-70.54,78.8,74,20,5.82,1598200125
343,Rosetta,EG,31.4,30.42,87.8,55,0,11.41,1598199867
344,Luganville,VU,-15.53,167.17,75.2,100,40,4.03,1598200125
345,Daru,PG,-9.08,143.21,76.08,77,51,14.03,1598200125
346,Gazanjyk,TM,39.24,55.52,83.17,28,1,10.11,1598200125
347,Mandalgovi,MN,45.76,106.27,60.46,59,26,16.55,1598200126
348,Macas,EC,-2.32,-78.12,69.8,68,75,6.93,1598200126
349,Smidovich,RU,48.6,133.82,60.66,92,70,3.18,1598199843
350,Mount Gambier,AU,-37.83,140.77,39.2,93,90,4.7,1598200126
351,Kristiinankaupunki,FI,62.27,21.38,64,75,20,15.99,1598200126
352,Ushtobe,KZ,45.25,77.98,74.75,24,56,9.84,1598200126
353,Lasa,IT,46.62,10.7,66,63,75,6.93,1598200126
354,Tecoanapa,MX,16.52,-98.75,84.51,70,77,2.48,1598200126
355,Dhidhdhoo,MV,6.88,73.1,84.4,69,31,8.16,1598200042
356,Moroto,UG,2.53,34.67,74.86,54,93,3.24,1598200127
357,Alekseyevsk,RU,57.84,108.35,58.39,74,89,3.06,1598200127
358,Gejiu,CN,23.31,103.16,59.76,100,91,2.86,1598200127
359,Ocampo,MX,21.65,-101.5,66.15,55,0,7.81,1598200127
360,Tashtyp,RU,52.79,89.9,51.76,90,76,3.91,1598200127
361,Meulaboh,ID,4.14,96.13,78.76,79,87,3.04,1598200127
362,Thinadhoo,MV,0.53,72.93,84.27,71,88,9.28,1598199941
363,Cockburn Town,TC,21.46,-71.14,83.61,76,100,36.17,1598200127
364,Saint George,US,37.1,-113.58,86,33,1,0.18,1598200127
365,Jiuquan,CN,39.74,98.52,70.81,26,47,4.79,1598200128
366,Kailua,US,21.4,-157.74,78.8,78,20,6.93,1598200087
367,Skowhegan,US,44.77,-69.72,75,75,72,6.51,1598200128
368,Bloemfontein,ZA,-29.12,26.21,64.4,18,0,4.7,1598199868
369,Oda,JP,35.18,132.5,76.39,88,2,3.38,1598200128
370,Jagdalpur,IN,19.07,82.03,73.96,93,96,5.93,1598199908
371,Chernushka,RU,56.51,56.08,56.64,86,0,4.9,1598200128
372,Guantanamo,CU,20.14,-75.21,91.4,55,75,14.99,1598200128
373,Bytow,PL,54.17,17.49,73.99,43,87,8.88,1598200129
374,Moyo,UG,3.66,31.72,70.43,90,100,2.93,1598200129
375,Narrabri,AU,-30.32,149.78,41,80,90,3.36,1598200129
376,Karratha,AU,-20.74,116.85,74.39,47,0,8.37,1598200129
377,Murud,IN,18.33,72.97,79.86,86,100,12.12,1598200129
378,Oum Hadjer,TD,13.3,19.7,84.38,62,29,8.48,1598200129
379,Maltahohe,NA,-24.83,16.98,71.47,18,0,0.18,1598200129
380,Youghal,IE,51.95,-7.85,66,67,75,13.87,1598200129
381,Marsh Harbour,BS,26.54,-77.06,86.23,75,62,20.04,1598200130
382,Vostok,RU,46.49,135.88,54.12,90,100,3.71,1598200130
383,Waipawa,NZ,-41.41,175.52,51.8,93,97,18.34,1598200130
384,Talnakh,RU,69.49,88.4,57.2,93,100,6.71,1598200130
385,Markova,UA,48.68,24.41,77,69,40,6.71,1598200130
386,Cabras,IT,39.93,8.53,79.27,53,26,17.13,1598200040
387,Leningradskiy,RU,69.38,178.42,43.43,90,100,9.95,1598200130
388,Mandera,KE,3.94,41.87,85.89,43,97,13.76,1598200130
389,Colares,PT,38.8,-9.45,78.01,50,0,29.97,1598200130
390,Urzhum,RU,57.11,50,62.42,87,1,5.41,1598200131
391,Palmer,US,42.16,-72.33,89.01,48,20,11.41,1598200131
392,Vangaindrano,MG,-23.35,47.6,67.53,84,0,7.47,1598200131
393,Peleduy,RU,59.63,112.74,54.18,60,0,8.43,1598200131
394,Suez,EG,29.97,32.53,90.7,29,0,18.39,1598200131
395,Stykkisholmur,IS,65.08,-22.73,53.28,64,63,5.68,1598200131
396,Kondagaon,IN,19.6,81.67,73.53,93,93,3.38,1598199978
397,Tinskoy,RU,56.15,96.92,55.17,78,41,2.98,1598200131
398,Buala,SB,-8.14,159.59,78.06,88,100,8.32,1598200132
399,Hattiesburg,US,31.33,-89.29,84.99,74,20,5.82,1598200132
400,Marawi,PH,8,124.29,78.01,89,29,5.01,1598200132
401,Outlook,CA,51.5,-107.05,68,47,53,3,1598200132
402,Pangnirtung,CA,66.15,-65.71,42.8,93,90,10.29,1598200132
403,Cayon,KN,17.35,-62.73,88,70,20,18.34,1598200132
404,Hay River,CA,60.82,-115.8,57.2,76,75,6.93,1598200132
405,Kanakeravan,AM,40.25,44.53,69.8,52,20,1.12,1598200132
406,Amahai,ID,-3.33,128.92,76.42,83,89,4.54,1598200133
407,Rawson,AR,-43.3,-65.1,62.35,31,70,8.34,1598200133
408,Vyazemskiy,RU,47.54,134.75,61.21,87,84,3.87,1598200133
409,Laguna,US,38.42,-121.42,75.99,56,1,4.7,1598200133
410,Lakes Entrance,AU,-37.88,147.98,46,81,98,1.01,1598200133
411,Marigot,MF,18.07,-63.08,87.8,70,40,10.29,1598199925
412,Ponta Delgada,PT,37.73,-25.67,77,73,20,14.99,1598200134
413,Knysna,ZA,-34.04,23.05,59,77,75,3.36,1598200134
414,Irgakly,RU,44.36,44.76,72.28,35,85,5.95,1598200134
415,Abomey-Calavi,BJ,6.45,2.36,82.4,74,40,13.87,1598200134
416,Portobelo,PA,9.55,-79.65,87.01,79,16,5.99,1598200134
417,Dubrovnik,HR,42.65,18.09,80.6,74,20,8.05,1598200041
418,Caravelas,BR,-17.71,-39.25,68.58,88,100,12.77,1598200134
419,Worland,US,44.02,-107.96,75,43,1,2.06,1598200135
420,Dzilam Gonzalez,MX,21.28,-88.93,91.65,54,58,2.8,1598200135
421,Newport,GB,51.59,-3,66,67,96,3,1598200050
422,Anqiu,CN,36.43,119.19,75.31,95,59,11.59,1598200135
423,Sesheke,ZM,-17.48,24.3,78.8,27,26,5.82,1598200135
424,Ugoofaaru,MV,5.67,73,84.33,64,95,2.55,1598200135
425,Grand Gaube,MU,-20.01,57.66,72,68,22,7,1598200136
426,Atar,MR,20.52,-13.05,115.43,7,0,6.93,1598200136
427,Guerrero Negro,MX,27.98,-114.06,79.16,59,88,14.23,1598200136
428,Bandundu,CD,-3.32,17.37,84.72,57,98,4.32,1598200136
429,Dabat,ET,12.98,37.77,57.38,100,74,4.74,1598200136
430,Nemuro,JP,43.32,145.57,62.42,97,13,2.08,1598200136
431,El Cope,PA,8.62,-80.6,82.56,65,0,1.03,1598200136
432,Sabang,ID,5.89,95.32,84.16,67,10,4.07,1598200137
433,Airai,TL,-8.93,125.41,56.97,40,49,4.12,1598200137
434,Kjopsvik,NO,68.1,16.37,55,87,75,34.45,1598200137
435,La Ronge,CA,55.1,-105.28,62.6,63,75,17.22,1598199963
436,Singleton,AU,-32.57,151.18,48.99,71,2,12.01,1598200137
437,Shrirangapattana,IN,12.41,76.7,75.2,83,40,6.93,1598200137
438,Trinidad,BO,-14.83,-64.9,73.4,49,0,1.61,1598200109
439,Westport,US,41.14,-73.36,84.99,69,1,6.93,1598199904
440,Gornyy,RU,55.12,83.91,54,92,72,6.46,1598200138
441,Purificacion,CO,3.86,-74.93,83.08,55,45,3.06,1598200138
442,Saint-Louis,SN,16.33,-15,100.4,45,20,4.7,1598200138
443,Baker City,US,44.77,-117.83,66.99,68,1,1.25,1598200130
444,Comodoro Rivadavia,AR,-45.87,-67.5,60.8,38,98,13.87,1598200062
445,Oistins,BB,13.07,-59.53,86,74,75,13.87,1598199878
446,Burns Lake,CA,54.23,-125.75,49.57,72,39,2.93,1598200139
447,Shaunavon,CA,49.65,-108.42,66.31,44,0,12.46,1598200139
448,Zabol,AF,32.25,67.25,76.44,17,0,9.08,1598199964
449,Valdivia,CL,-39.81,-73.25,46.4,100,90,1.12,1598200034
450,Saravan,AM,39.72,45.65,64.4,88,90,4.7,1598200139
451,Kirakira,SB,-10.45,161.92,79.81,81,96,7.76,1598200139
452,Bida,NG,9.08,6.02,83.32,76,100,3.47,1598200139
453,Honningsvag,NO,70.98,25.97,60.8,77,40,10.29,1598200139
454,Gushikawa,JP,26.35,127.87,82.4,83,75,19.46,1598200140
455,Sechura,PE,-5.56,-80.82,71.8,54,3,10.4,1598200140
456,Haines Junction,CA,60.75,-137.51,51.37,76,89,2.48,1598200140
457,Jibuti,DJ,11.5,42.5,91.4,66,20,7.18,1598200140
458,Bowling Green,US,36.99,-86.44,78.8,74,90,5.82,1598200140
459,Baruun-Urt,MN,46.68,113.28,57.69,84,61,3.06,1598200140
460,Delvada,IN,20.77,71.03,79.21,89,100,13.87,1598200140
461,Jamame,SO,0.07,42.75,76.23,74,83,11.1,1598200141
462,Fortuna,US,40.6,-124.16,60.01,100,90,2.17,1598200141
463,Samarai,PG,-10.62,150.67,75.45,76,100,14.09,1598200141
464,Troitskiy,RU,57.06,63.75,53.94,93,6,5.44,1598200141
465,Muzhi,RU,65.37,64.67,52.74,79,33,7.07,1598200141
466,Santa Isabel Do Rio Negro,BR,-0.41,-65.02,90.36,41,0,2.82,1598200141
467,Kemijarvi,FI,66.71,27.43,62.2,72,91,13.11,1598200142
468,Gonbad-E Qabus,IR,37.25,55.17,78.8,65,75,11.41,1598200142
469,Aseri,EE,59.45,26.87,66.4,81,100,8.93,1598200142
470,Kindu,CD,-2.95,25.95,72.55,92,100,4.45,1598200142
471,Bongor,TD,10.28,15.37,79.34,85,91,6.89,1598200142
472,Yar-Sale,RU,66.83,70.83,54.1,91,64,12.39,1598200142
473,Quthing,LS,-30.4,27.7,55.49,32,0,3.06,1598200142
474,Freeport,US,40.66,-73.58,84.99,65,1,9.17,1598200092
475,Shihezi,CN,44.3,86.03,79.65,20,71,5.82,1598200143
476,Caldwell,US,43.66,-116.69,72,68,1,2.55,1598200143
477,Tutoia,BR,-2.76,-42.27,86.02,59,18,14.88,1598200143
478,Hamilton,US,39.18,-84.53,82,69,40,4.45,1598200143
479,Lodingen,NO,68.41,16,55,87,75,34.45,1598200143
480,Tres Arroyos,AR,-38.37,-60.28,60.48,44,0,19.24,1598200143
481,Sola,VU,-13.88,167.55,80.26,85,92,14.83,1598200143
482,Council Bluffs,US,41.26,-95.86,89.6,46,20,6.93,1598199859
483,Kismayo,SO,-0.36,42.55,77.16,76,69,14.54,1598199908
484,Sabha,LY,27.04,14.43,94.73,13,0,13.53,1598200144
485,Mirnyy,RU,62.54,113.96,44.6,66,0,4.47,1598200144
486,Kenai,US,60.55,-151.26,57.2,82,75,3.36,1598200144
487,Kaeo,NZ,-35.1,173.78,55,3,0,11.01,1598200144
488,Fukue,JP,32.69,128.84,82.35,69,0,2.55,1598200144
489,Venado Tuerto,AR,-33.75,-61.97,64.09,36,0,18.05,1598200144
490,Palmetto,US,27.52,-82.57,91.4,66,75,13.87,1598200145
491,Kota Tinggi,MY,1.74,103.9,75.2,94,20,3.36,1598200145
492,Yuzhno-Kurilsk,RU,44.03,145.86,61.39,94,76,3.38,1598200145
493,Bathsheba,BB,13.22,-59.52,86,74,75,13.87,1598200145
494,Manaure,CO,11.78,-72.44,89.6,62,40,4.7,1598200145
495,Miri,MY,4.41,114.01,78.01,94,40,3.36,1598200145
496,Arawa,PG,-6.21,155.54,75.65,86,100,1.59,1598200146
497,Bantogon,PH,6.53,124.03,77.85,83,4,3.87,1598200146
498,Golden,US,39.76,-105.22,81,15,5,6.93,1598200146
499,Kimbe,PG,-5.55,150.14,73.11,93,100,2.73,1598200146
500,Svolvaer,NO,68.23,14.57,55,87,75,32.21,1598200146
501,Ajdovscina,SI,45.89,13.91,82,52,29,21,1598200146
502,Hambantota,LK,6.12,81.12,80.6,94,20,9.17,1598200146
503,Hannibal,US,39.71,-91.36,84.2,48,75,8.05,1598200147
504,Skibbereen,IE,51.55,-9.27,62.6,67,75,13.87,1598200147
505,Cherskiy,RU,68.75,161.3,38.19,94,100,14.92,1598200147
506,Pascagoula,US,30.37,-88.56,87.8,62,20,9.17,1598200147
507,Belyy Yar,RU,53.6,91.39,62.6,63,99,15.66,1598200147
508,Klaksvik,FO,62.23,-6.59,50,76,89,17.22,1598200147
509,Chepareria,KE,1.31,35.2,64.02,77,13,1.88,1598200148
510,Adrar,MR,20.5,-10.07,112.51,6,94,11.43,1598200148
511,Merrill,US,45.18,-89.68,78.8,69,1,4.7,1598200148
512,Yerbogachen,RU,61.28,108.01,49.78,62,59,7.18,1598200148
513,Stulovo,RU,58.72,50.14,61.38,85,21,4.68,1598200148
514,Saint Anthony,US,45.02,-93.22,84.99,69,1,3.36,1598200148
515,Lakselv,NO,70.05,24.97,64.4,63,75,21.92,1598200149
516,Sabana De Torres,CO,7.39,-73.5,78.8,83,75,4.7,1598200149
517,Tevaitoa,PF,-16.78,-151.5,76.84,76,0,19.8,1598200149
518,Ariquemes,BR,-9.91,-63.04,100.31,21,0,1.19,1598199958
519,Sucua,EC,-2.47,-78.17,69.8,68,75,6.93,1598200149
520,Kashi,CN,39.45,75.98,84.2,32,0,6.71,1598200149
521,College,US,64.86,-147.8,54,93,75,2.04,1598200149
522,Wonthaggi,AU,-38.6,145.59,46,95,80,7,1598200150
523,Shimoda,JP,34.67,138.95,70,93,26,7.14,1598200150
524,Bridlington,GB,54.08,-0.19,62.6,93,72,11.41,1598200150
525,Humaita,BR,-7.51,-63.02,96.01,24,0,2.33,1598200150
526,Kulhudhuffushi,MV,6.62,73.07,84.36,69,55,8.28,1598200150
527,Goma,CD,-1.68,29.22,77,44,75,3.36,1598200150
528,Saint-Georges,GD,12.06,-61.75,82.4,88,20,12.62,1598200126
529,Kui Buri,TH,12.08,99.85,77.22,77,40,6.29,1598200151
530,Malindi,KE,-3.22,40.12,78.8,74,40,11.41,1598200151
531,Sorland,NO,67.67,12.69,51.8,87,75,18.34,1598200151
532,Chateaubelair,VC,13.28,-61.25,87.8,70,75,5.82,1598200151
533,Tchibanga,GA,-2.85,11.03,79.18,62,96,8.43,1598200151
534,Puerto Ayacucho,VE,5.66,-67.62,84.2,62,40,5.82,1598200151
535,Poum,NC,-20.23,164.02,71.92,81,79,12.55,1598200151
536,Henties Bay,NA,-22.12,14.28,64,76,0,1.99,1598200152
537,Paulo Ramos,BR,-4.22,-45.18,98.17,37,46,3.13,1598200152
538,Maceio,BR,-9.67,-35.74,82.4,61,40,4.7,1598200152
539,Hovd,MN,48.01,91.64,63.37,38,51,9.98,1598200152
540,Port Arthur,CN,38.8,121.27,77,88,40,6.71,1598200152
541,Aloja,LV,57.77,24.88,65.17,85,100,7.56,1598200152
542,Florence,IT,43.77,11.25,93.2,34,0,9.17,1598200153
543,Nyurba,RU,63.28,118.33,42.17,75,0,3.27,1598200153
544,Presov,SK,49.17,21.25,68,88,75,9.17,1598200153
545,Namatanai,PG,-3.67,152.43,77.65,86,99,4.45,1598200153
546,Dingle,PH,11,122.67,77.07,87,91,1.92,1598200153
547,Yakeshi,CN,49.28,120.73,55.72,92,96,3.76,1598200153
548,Manta,EC,-0.95,-80.73,73.4,83,90,9.17,1598200153
549,Dormidontovka,RU,47.77,134.91,60.76,90,92,4.76,1598200154
550,Vardo,NO,70.37,31.11,57.2,87,100,11.41,1598200154
551,Taoudenni,ML,22.68,-3.98,116.01,5,34,17.45,1598200154
552,Gatchina,RU,59.58,30.13,66.2,68,90,2.24,1598200154
553,Kununurra,AU,-15.77,128.73,62.6,22,1,8.21,1598200154
554,Lakhimpur,IN,27.95,80.77,81.54,78,0,2.93,1598200154
555,Rafraf,TN,37.19,10.18,89.6,55,20,21.92,1598200154
556,Oranjestad,AW,12.52,-70.03,89.6,62,20,14.99,1598200045
557,Matay,EG,28.42,30.78,96.82,18,0,12.03,1598200155
558,Bluefield,US,37.27,-81.22,78.01,73,20,3.6,1598199952
559,Maumere,ID,-8.62,122.21,76.17,76,19,0.47,1598200155
560,Serebryansk,KZ,49.69,83.29,55.4,71,20,4.47,1598200155
561,Libreville,GA,0.39,9.45,82.4,74,40,10.29,1598199904
562,Viedma,AR,-40.81,-63,64.99,28,8,8.99,1598200155
